Basics,Basics,Basics,Basics,Basics,Basics,Discoverability,Discoverability
Department,Sub Agency,Sub Component,API Name,Documentation,Status,Developer Hub in Use?,Developer Hub 2
Department of Agriculture,Agricultural Marketing Service,---,Farmers Market Directory API,http://search.ams.usda.gov/farmersmarkets/v1/svcdesc.html,active,https://www.usda.gov/developer,
Department of Agriculture,Agricultural Marketing Service,---,Organic INTEGRITY Database API,https://organic.ams.usda.gov/integrity/Developer/APIHelp.aspx,active,,
Department of Agriculture,Agricultural Research Service,---,Nutrient Database,https://ndb.nal.usda.gov/ndb/doc/index,active,,
Department of Agriculture,Animal and Plant Health Inspection Service,---,Animal Identification Management System,https://nais.aphis.usda.gov/ainmngt/HelpGetAnonymous.do,active,https://www.usda.gov/developer,
Department of Agriculture,Economic Research Service,---,Content API,http://ers.usda.gov/developer/website-content-api.aspx,inactive,https://www.usda.gov/developer,
Department of Agriculture,Economic Research Service,---,Charts of Note API,http://www.ers.usda.gov/developer/data-apis.aspx#.U7Q-No1dVGU,inactive,,
Department of Agriculture,Economic Research Service,---,ARMS API,http://www.ers.usda.gov/developer/data-apis.aspx#.U7Q-No1dVGU,inactive,,
Department of Agriculture,Economic Research Service,---,Food Dollar API,http://www.ers.usda.gov/developer/data-apis.aspx#.U7Q-No1dVGU,inactive,,
Department of Agriculture,Economic Research Service,---,GeoSpatial APIs,https://www.ers.usda.gov/developer/geospatial-apis/,active,,https://www.ers.usda.gov/developer/
Department of Agriculture,Farm Service Agency,---,National Agriculture Imagery Program Status Web Service,http://www.fsa.usda.gov/Internet/FSA_File/usage_guide_naipstatus_final.pdf,active,https://www.usda.gov/developer,
Department of Agriculture,Forest Service,---,Recreation Information Database,https://ridb.recreation.gov/docs,active,https://www.usda.gov/developer,
Department of Agriculture,Food and Nutrition Service,---,Summer Meal Site Finder API,https://www.fns.usda.gov/sfsp/developer-tools,active,,
Department of Agriculture,National Agricultural Library,---,Data Catalog (DKAN) API,https://data.nal.usda.gov/node/5183/api,active,,
Department of Agriculture,National Agricultural Library,---,PubAg API,https://pubag.nal.usda.gov/apidocs/,active,,
Department of Agriculture,National Agricultural Statistics Service,---,Cropland Data Layer,https://www.nass.usda.gov/Research_and_Science/Cropland/SARS1a.php,non-gov,https://www.usda.gov/developer,https://www.nass.usda.gov/developer/
Department of Agriculture,National Agricultural Statistics Service,---,Quick Stats API,http://quickstats.nass.usda.gov/api,active,https://www.usda.gov/developer,https://www.nass.usda.gov/developer/
Department of Agriculture,National Agricultural Statistics Service,---,VegScape API,https://nassgeodata.gmu.edu/VegScape/devhelp/help.html,non-gov,,https://www.nass.usda.gov/developer/
Department of Agriculture,National Agricultural Statistics Service,---,CropScape Developer Guide ,https://nassgeodata.gmu.edu/CropScape/devhelp/help.html,non-gov,,
Department of Agriculture,National Agricultural Statistics Service,---,NASS Ag Census Map Service,https://www.ers.usda.gov/developer/geospatial-apis/nass-map-service-documentation.aspx,active,,https://www.nass.usda.gov/developer/
Department of Agriculture,National Resources Conservation Service,---,National Water and Climate Center AWDB database,http://www.wcc.nrcs.usda.gov/web_service/AWDB_Web_Service_Tutorial.htm,active,https://www.usda.gov/developer,
Department of Agriculture,National Resources Conservation Service,---,Soil Data Mart,http://sdmdataaccess.nrcs.usda.gov/,active,https://www.usda.gov/developer,
Department of Commerce,---,---,Content API,https://www.commerce.gov/page/api-documentation-commercegov,active,,https://www.commerce.gov/developer
Department of Commerce,Bureau of Economic Analysis,---,Data API,https://www.bea.gov/API/,active,https://www.bea.gov/api,https://www.commerce.gov/developer
Department of Commerce,Census Bureau,---,American Community Survey 1-Year Data (2011-2017),https://www.census.gov/data/developers/data-sets/acs-1year.html,active,https://www.census.gov/developers/,https://www.commerce.gov/developer
Department of Commerce,Census Bureau,---,American Community Survey 3-Year Data (2012-2013),https://www.census.gov/data/developers/data-sets/acs-3year.html,active,https://www.census.gov/developers/,https://www.commerce.gov/developer
Department of Commerce,Census Bureau,---,American Community Survey 5-Year Data (2009-2016),https://www.census.gov/data/developers/data-sets/acs-5year.html,active,https://www.census.gov/developers/,https://www.commerce.gov/developer
Department of Commerce,Census Bureau,---,American Community Survey Migration Flows (2009-2015),https://www.census.gov/data/developers/data-sets/acs-migration-flows.html,active,https://www.census.gov/developers/,https://www.commerce.gov/developer
Department of Commerce,Census Bureau,---,American Community Survey Supplemental (2014 - 2017),https://www.census.gov/data/developers/data-sets/ACS-supplemental-data.html,active,https://www.census.gov/developers/,https://www.commerce.gov/developer
Department of Commerce,Census Bureau,---,Annual Survey of Entrepreneurs,https://www.census.gov/data/developers/data-sets/ase.html,active,https://www.census.gov/developers/,https://www.commerce.gov/developer
Department of Commerce,Census Bureau,---,Annual Survey of Manufactures API (Time Series: 2002-2016),https://www.census.gov/data/developers/data-sets/Annual-Survey-of-Manufactures.html,active,https://www.census.gov/developers/,https://www.commerce.gov/developer
Department of Commerce,Census Bureau,---,Business Dynamics Statistics (Time Series: 1976-2014),https://www.census.gov/data/developers/data-sets/business-dynamics.html,active,https://www.census.gov/developers/,https://www.commerce.gov/developer
Department of Commerce,Census Bureau,---,Census Geocoding Services,https://www.census.gov/data/developers/data-sets/Geocoding-services.html,active,https://www.census.gov/developers/,https://www.commerce.gov/developer
Department of Commerce,Census Bureau,---,Census TIGERweb GeoServices REST API,https://www.census.gov/data/developers/data-sets/TIGERweb-map-service.html,active,https://www.census.gov/developers/,https://www.commerce.gov/developer
Department of Commerce,Census Bureau,---,County Business Patterns and Nonemployer Statistics (1986-2016),https://www.census.gov/data/developers/data-sets/cbp-nonemp-zbp.html,active,https://www.census.gov/developers/,https://www.commerce.gov/developer
Department of Commerce,Census Bureau,---,"Decennial Census (2010, 2000, 1990)",https://www.census.gov/data/developers/data-sets/decennial-census.html,active,https://www.census.gov/developers/,https://www.commerce.gov/developer
Department of Commerce,Census Bureau,---,"Decennial Census Surname Files (2010, 2000)",https://www.census.gov/data/developers/data-sets/surnames.html,active,https://www.census.gov/developers/,https://www.commerce.gov/developer
Department of Commerce,Census Bureau,---,"Economic Census (2012, 2007, 2002)",https://www.census.gov/data/developers/data-sets/economic-census.html,active,https://www.census.gov/developers/,https://www.commerce.gov/developer
Department of Commerce,Census Bureau,---,Economic Indicators (Time Series: various years - present),https://www.census.gov/data/developers/data-sets/economic-indicators.html,active,https://www.census.gov/developers/,https://www.commerce.gov/developer
Department of Commerce,Census Bureau,---,"Health Insurance Statistics: CPS, SIPP, ACS and SAHIE",https://www.census.gov/data/developers/data-sets/Health-Insurance-Statistics.html,active,https://www.census.gov/developers/,https://www.commerce.gov/developer
Department of Commerce,Census Bureau,---,International Data Base (Time Series: various year - 2050),https://www.census.gov/data/developers/data-sets/international-database.html,active,https://www.census.gov/developers/,https://www.commerce.gov/developer
Department of Commerce,Census Bureau,---,International Trade (Time Series: 2005 - present),https://www.census.gov/data/developers/data-sets/international-trade.html,active,https://www.census.gov/developers/,https://www.commerce.gov/developer
Department of Commerce,Census Bureau,---,Language Statistics: ACS (2013),https://www.census.gov/data/developers/data-sets/language-stats.html,active,https://www.census.gov/developers/,https://www.commerce.gov/developer
Department of Commerce,Census Bureau,---,Population Estimates and Projections (2012 - 2016),https://www.census.gov/data/developers/data-sets/popest-popproj.html,active,https://www.census.gov/developers/,https://www.commerce.gov/developer
Department of Commerce,Census Bureau,---,Poverty Statistics: CPS & SAIPE (Time Series: various years),https://www.census.gov/data/developers/data-sets/Poverty-Statistics.html,active,https://www.census.gov/developers/,https://www.commerce.gov/developer
Department of Commerce,Census Bureau,---,Quarterly Workforce Indicators (QWI) (Time Series: 1990 - present),https://www.census.gov/data/developers/data-sets/qwi.html,active,https://www.census.gov/developers/,https://www.commerce.gov/developer
Department of Commerce,Census Bureau,---,Survey of Business Owners (2012),https://www.census.gov/data/developers/data-sets/business-owners.html,active,https://www.census.gov/developers/,https://www.commerce.gov/developer
Department of Commerce,Census Bureau,---,The Planning Database (2015-2016),https://www.census.gov/data/developers/data-sets/planning-database.html,active,https://www.census.gov/developers/,https://www.commerce.gov/developer
Department of Commerce,International Trade Administration,---,Market Research Library API,http://developer.trade.gov/market-research-library.html,inactive,https://developer.trade.gov/,
Department of Commerce,International Trade Administration,---,ITA Offices and Centers API,https://developer.trade.gov/ita-office-locations.html,active,https://developer.trade.gov/,https://www.commerce.gov/developer
Department of Commerce,International Trade Administration,---,Trade Events API,https://developer.trade.gov/trade-events.html,active,https://developer.trade.gov/,https://www.commerce.gov/developer
Department of Commerce,International Trade Administration,---,Trade News and Articles API,http://developer.trade.gov/trade-news-articles.html,inactive,https://developer.trade.gov/,
Department of Commerce,International Trade Administration,---,Consolidated Screening List,https://developer.trade.gov/consolidated-screening-list.html,active,https://developer.trade.gov/,https://www.commerce.gov/developer
Department of Commerce,International Trade Administration,---,Trade Leads,https://developer.trade.gov/trade-leads.html,active,https://developer.trade.gov/,https://www.commerce.gov/developer
Department of Commerce,International Trade Administration,---,FTA Tariff Rates API,https://developer.trade.gov/tariff-rates.html,active,https://developer.trade.gov/,https://www.commerce.gov/developer
Department of Commerce,International Trade Administration,---,FAQs on Exporting API,https://developer.trade.gov/faqs-exporting.html,active,https://developer.trade.gov/,https://www.commerce.gov/developer
Department of Commerce,International Trade Administration,---,Zip Code to USEAC API,https://developer.trade.gov/ita-zip-codes.html,active,https://developer.trade.gov/,https://www.commerce.gov/developer
Department of Commerce,International Trade Administration,---,Business Service Providers API,https://developer.trade.gov/business-service-providers.html,active,https://developer.trade.gov/,https://www.commerce.gov/developer
Department of Commerce,International Trade Administration,---,ITA Taxonomies API,https://developer.trade.gov/ita-taxonomies.html,active,https://developer.trade.gov/,
Department of Commerce,International Trade Administration,---,De Minimis API,https://developer.trade.gov/de-minimis.html,active,https://developer.trade.gov/,
Department of Commerce,International Trade Administration,---,Market Intelligence API,https://developer.trade.gov/market-intelligence.html,active,https://developer.trade.gov/,
Department of Commerce,National Institute of Standards and Technology,---,CDA Guideline Validation Tool,http://xreg2.nist.gov/cda-validation/webservice.html,inactive,,
Department of Commerce,National Institute of Standards and Technology,---,Randomness Beacon REST API,https://beacon.nist.gov/home,active,,
Department of Commerce,National Oceanic and Atmospheric Administration,---,Meteorological Assimilation Data Ingest System,http://madis.noaa.gov/madis_api.html,active,,https://www.commerce.gov/developer
Department of Commerce,National Oceanic and Atmospheric Administration,---,National Climatic Data Center Web Services,http://www.ncdc.noaa.gov/cdo-web/webservices/ncdcwebservices,,,
Department of Commerce,National Oceanic and Atmospheric Administration,---,Environmental Research Division's Data Access Program,http://coastwatch.pfeg.noaa.gov/erddap/rest.html,active,,https://www.commerce.gov/developer
Department of Commerce,National Oceanic and Atmospheric Administration,---,Center for Operational Oceanographic Products and Services,http://opendap.co-ops.nos.noaa.gov/axis/,active,,https://www.commerce.gov/developer
Department of Commerce,National Oceanic and Atmospheric Administration,---,CO-OPS Open Geospatial Consortium Sensor Observation Service,http://opendap.co-ops.nos.noaa.gov/ioos-dif-sos/,active,,https://www.commerce.gov/developer
Department of Commerce,National Oceanic and Atmospheric Administration,---,National Digital Forecast Database SOAP Web Service,http://graphical.weather.gov/xml/,active,,https://www.commerce.gov/developer
Department of Commerce,National Oceanic and Atmospheric Administration,---,National Climatic Data Center Climate Data Online Web Services Web Services,http://www.ncdc.noaa.gov/cdo-web/webservices,active,,https://www.commerce.gov/developer
Department of Commerce,National Oceanic and Atmospheric Administration,---,General National Climatatic Data Center THREDDS Data Server,http://www.ncdc.noaa.gov/thredds,,https://www.ncdc.noaa.gov/cdo-web/,
Department of Commerce,National Oceanic and Atmospheric Administration,---,National Climatatic Data Center NOMADS THREDDS Data Server,http://nomads.ncdc.noaa.gov/thredds,,,
Department of Commerce,National Oceanic and Atmospheric Administration,---,GIS Map Services,http://gis.ncdc.noaa.gov/,active,,https://www.commerce.gov/developer
Department of Commerce,National Oceanic and Atmospheric Administration,---,Legacy National Climatatic Data Center RESTful Services,http://www7.ncdc.noaa.gov/rest/,active,,https://www.commerce.gov/developer
Department of Commerce,National Oceanic and Atmospheric Administration,---,Ocean Service's nowCOAST's Map Services,http://nowcoast.noaa.gov/help/mapservices.shtml?name=mapservices,,,
Department of Commerce,National Oceanic and Atmospheric Administration,---,Severe Weather Data Inventory Web Service,http://www.ncdc.noaa.gov/swdiws/,active,,https://www.commerce.gov/developer
Department of Commerce,National Oceanic and Atmospheric Administration,---,Space Physics Interactive Data Resource Web Services,http://spidr.ngdc.noaa.gov/spidr/docs/SPIDR.REST.WSGuide.en.pdf,,,
Department of Commerce,National Oceanic and Atmospheric Administration,---,Center for Operational Oceanographic Products and Services,http://tidesandcurrents.noaa.gov/api,,,
Department of Commerce,National Telecommunications and Information Administration,---,Broadband Technology Opportunities Program API,http://www2.ntia.doc.gov/BTOPmap/api,active,,
Department of Commerce,Patent and Trademark Office,---,Bulk Data Storage System (BDSS) API,https://developer.uspto.gov/api-catalog/bdss,active,https://developer.uspto.gov/,
Department of Commerce,Patent and Trademark Office,---,Bulk search and download API,https://developer.uspto.gov/api-catalog/bulk-search-and-download,active,https://developer.uspto.gov/,x
Department of Commerce,Patent and Trademark Office,---,Cancer Moonshot Patent Data Set API,https://developer.uspto.gov/api-catalog/cancer-moonshot-patent-data-set-api,active,https://developer.uspto.gov/,
Department of Commerce,Patent and Trademark Office,---,EDH API,http://edhapi.uspto.gov/,inactive,,
Department of Commerce,Patent and Trademark Office,---,OCE - Patent Examination Event Codes API,https://developer.uspto.gov/api-catalog/oce-patent-examination-event-codes,active,https://developer.uspto.gov/,
Department of Commerce,Patent and Trademark Office,---,OCE - Patent Examination Status Codes API,https://developer.uspto.gov/api-catalog/oce-patent-examination-status-codes,active,https://developer.uspto.gov/,
Department of Commerce,Patent and Trademark Office,---,OCE - Patent Litigation Cases API,https://developer.uspto.gov/api-catalog/oce-patent-litigation-cases,active,https://developer.uspto.gov/,
Department of Commerce,Patent and Trademark Office,---,Patent Assignment Search (Beta) API,https://developer.uspto.gov/api-catalog/patent-assignment-search-beta,active,https://developer.uspto.gov/,
Department of Commerce,Patent and Trademark Office,---,Patent Examination Data System API,https://developer.uspto.gov/api-catalog/pair-bulk-data,active,https://developer.uspto.gov/,
Department of Commerce,Patent and Trademark Office,---,PatentsView API,https://developer.uspto.gov/api-catalog/patentsview,active,https://developer.uspto.gov/,
Department of Commerce,Patent and Trademark Office,---,PTAB API (Beta),https://developer.uspto.gov/api-catalog/ptab-api,active,https://developer.uspto.gov/,
Department of Commerce,Patent and Trademark Office,---,Trademark Status & Document Retrieval,https://tsdr.uspto.gov/faqview,active,,https://www.commerce.gov/developer
Department of Commerce,Patent and Trademark Office,---,Trademark Image Search,https://developer.uspto.gov/api-catalog/trademark-image-search-beta,active,https://developer.uspto.gov/,
Department of Commerce,Patent and Trademark Office,---,Office Action Citations API,https://developer.uspto.gov/api-catalog/uspto-office-action-citations-api-beta,active,https://developer.uspto.gov/,
Department of Commerce,Patent and Trademark Office,---,USPTO Office Action Rejection API,https://developer.uspto.gov/api-catalog/uspto-office-action-rejection-api-beta,active,https://developer.uspto.gov/,
Department of Commerce,Patent and Trademark Office,---,Unified Event API,https://developer.uspto.gov/api-catalog/unified-event-api,active,https://developer.uspto.gov/,
Department of Defense,---,---,Joint Tactical Networking Center APIs,http://jtnc.mil/sca/Pages/api1.aspx,inactive,,
Department of Defense,---,---,IUID Registry API,http://www.acq.osd.mil/dpap/pdi/uid/data_submission_information.html,active,https://defense.gov/developer,
Department of Defense,---,---,ADL 3d repository,http://3dr.adlnet.gov/blog/?p=78,active,https://defense.gov/developer,
Department of Defense,---,---,ADL Experience API,http://www.adlnet.gov/tla/experience-api,active,https://defense.gov/developer,
Department of Defense,---,---,Clause Logic Service,http://www.acq.osd.mil/dpap/pdi/eb/clause_logic_service.html,active,https://defense.gov/developer,
Department of Defense,---,---,Product Service Code (PSC) Tool API,https://psctool.us/apidocs,active,,
Department of Defense,---,---,Federal Voting Assistance Program API,https://www.fvap.gov/xml-api,active,,
Department of Defense,US Army Corps of Engineers,---,ARCGIS Services,http://maps.usace.army.mil:8399/arcgis/rest/services,inactive,,
Department of Defense,US Army Corps of Engineers,---,Coastal Inlets Research Program (CIRP) Wiki API,http://cirp.usace.army.mil/CIRPwiki/api.php?action=patrol&token=123abc&rcid=230672766,inactive,,
Department of Defense,US Army Corps of Engineers,---,Hydrologic Engineering Center Data Storage System,http://www.hec.usace.army.mil/software/hec-dss/documents/Ch7-Scripting.pdf,inactive,https://defense.gov/developer,
Department of Defense,US Army Corps of Engineers,---,Lock Performance Monitoring System,http://corpslocks.usace.army.mil/lpwb/f?p=121:7:0:::::,active,https://defense.gov/developer,
Department of Defense,US Army Corps of Engineers,---,OMNI Data,http://www2.mvr.usace.army.mil/OMNI/ws/OMNIdataWebService.cfm,inactive,,
Department of Defense,US Army Corps of Engineers,---,Proteus API,https://adh.usace.army.mil/proteus/api/index.html#,inactive,https://defense.gov/developer,
Department of Defense,US Army Corps of Engineers,---,PyADH API,https://adh.usace.army.mil/pyadh/api/index.html,inactive,https://defense.gov/developer,
Department of Defense,US Navy,---,Common Open Research Emulator IPC API,http://downloads.pf.itd.nrl.navy.mil/docs/core/core_api.pdf,active,,
Department of Defense,Arlington National Cemetary,---,Burial Record Web Services,http://www.arlingtoncemetery.mil/Developer/BRPSM.aspx,active,https://www.arlingtoncemetery.mil/Developers,
Department of Defense,Arlington National Cemetary,---,Public Services,https://www.arlingtoncemetery.mil/Developers/Public-Service-Methods,active,https://www.arlingtoncemetery.mil/Developers,
Department of Defense,Arlington National Cemetary,---,Public Mapping Web Services,http://www.arlingtoncemetery.mil/Developer/Default.aspx,active,https://www.arlingtoncemetery.mil/Developers,
Department of Education,---,---,Integrated Postsecondary Education Data System (IPEDS): Institutional Characteristics - Directory Information (2011),https://explore.data.gov/developers/docs/nces-ipeds-hd2011,inactive,,
Department of Education,---,---,Integrated Postsecondary Education Data System (IPEDS): Awards/degrees Conferred by Program (2011),https://explore.data.gov/developers/docs/nces-ipeds-c2011_a,inactive,,
Department of Education,---,---,College Scorecard,https://collegescorecard.ed.gov/data/documentation/,active,https://usedgov.github.io/,
Department of Education,---,---,Civil Rights Data Collection API,https://usedgov.github.io/api/crdc.html,active,https://usedgov.github.io/,
Department of Education,---,---,My Brother's Keeper (MBK) APIs,https://usedgov.github.io/api/mbk.html,active,https://usedgov.github.io/,
Department of Education,---,---,Legacy APIs,https://usedgov.github.io/api/legacy/,active,https://usedgov.github.io/,
Department of Energy,Argonne National Laboratory,---,Channel Access API,http://www.aps.anl.gov/bcda/epicsgettingstarted/developtools/introductionchannelaccess.html,,,https://www.energy.gov/developers
Department of Energy,Argonne National Laboratory,---,EZ Channel Access API,http://www.aps.anl.gov/epics/extensions/ezca/,,,
Department of Energy,Argonne National Laboratory,---,AWE API,http://press.igsb.anl.gov/mgrdev/developers/the-awe-api/,,,
Department of Energy,Argonne National Laboratory,---,SHOCK API,http://press.igsb.anl.gov/mgrdev/developers/shock-api/,,,
Department of Energy,Argonne National Laboratory,---,M5nr API,http://press.igsb.anl.gov/mgrdev/under-the-hood/mg-rast-tools/m5nr/the-m5nr-api/,,,
Department of Energy,Argonne National Laboratory,---,MG-RAST API,https://api.metagenomics.anl.gov/api.html,,,
Department of Energy,Argonne National Laboratory,---,NEOS API,http://neos.mcs.anl.gov/neos/NEOS-API.html,,,
Department of Energy,Brookhaven National Laboratory,---,Maven 1 API,https://www.racf.bnl.gov/Facility/GUMS/1.3/apidocs/,,,
Department of Energy,Brookhaven National Laboratory,---,NuWa Python API,http://dayabay.bnl.gov/oum/api/,,,
Department of Energy,Brookhaven National Laboratory,---,PerfSonar Network Monitoring Framework Data Access API,https://www.racf.bnl.gov/experiments/usatlas/griddev/new-perfsonar-application-framework/overview,,,
Department of Energy,Brookhaven National Laboratory,---,Star DB C++ API,http://drupal.star.bnl.gov/STAR/comp/db/development/db_cppapi,,,
Department of Energy,Brookhaven National Laboratory,---,Terepaths API,https://www.racf.bnl.gov/terapaths/software/the-terapaths-api,,,
Department of Energy,Brookhaven National Laboratory,---,STAR Scheduler Standard API,http://www.star.bnl.gov/public/comp/Grid/scheduler/javadoc/overview-summary.html,,,
Department of Energy,Energy Information Administration,---,Energy Information Administration API,http://www.eia.gov/developer/,,https://www.eia.gov/developer/,
Department of Energy,National Renewable Energy Laboratory,---,Building Components Library,https://bcl.nrel.gov/developer,,,
Department of Energy,National Renewable Energy Laboratory,---,Electricity APIs,http://developer.nrel.gov/doc/electricity,,https://developer.nrel.gov/,
Department of Energy,National Renewable Energy Laboratory,---,Solar APIs,http://developer.nrel.gov/doc/solar,,,
Department of Energy,National Renewable Energy Laboratory,---,Alternative Fuel Stations,http://developer.nrel.gov/doc/alt-fuel-stations-v1,,,
Department of Energy,National Renewable Energy Laboratory,---,Standard Work Specifications,http://developer.nrel.gov/docs/buildings/standard-work-spec-v1/,,,
Department of Energy,National Renewable Energy Laboratory,---,High Performance Building Database,http://developer.nrel.gov/docs/buildings/building-case-studies/,,,
Department of Energy,National Renewable Energy Laboratory,---,Commercial Building Resource Database,http://developer.nrel.gov/docs/buildings/commercial-building-resource-database-v1/,,,
Department of Energy,National Renewable Energy Laboratory,---,Utility Rates,http://developer.nrel.gov/docs/electricity/utility-rates-v3/,,,
Department of Energy,National Renewable Energy Laboratory,---,Utility Rates by Census Region,http://developer.nrel.gov/docs/electricity/census-rate-v3/,,,
Department of Energy,National Renewable Energy Laboratory,---,Energy Incentives,http://developer.nrel.gov/docs/electricity/energy-incentives-v1/,,,
Department of Energy,National Renewable Energy Laboratory,---,PV Data Acquisition,http://developer.nrel.gov/docs/solar/pvdaq-v3/,,,
Department of Energy,National Renewable Energy Laboratory,---,PVWatts API,http://developer.nrel.gov/docs/solar/pvwatts-v4/,,,
Department of Energy,National Renewable Energy Laboratory,---,Wind Toolkit Data,http://developer.nrel.gov/docs/wind/wind-toolkit-extract/,,,
Department of Energy,Lawrence Berkeley National Laboratory,---,National Energy Research Scientific Computing Center's NEWT,https://newt.nersc.gov/,,,
Department of Energy,Lawrence Berkeley National Laboratory,---,Home Energy Saver,https://developers.buildingsapi.lbl.gov/hes/documentation/api-definitions,,,
Department of Energy,Lawrence Berkeley National Laboratory,---,Home Energy Saver Multifamily,https://developers.buildingsapi.lbl.gov/hes/documentation/mf-api-definitions,,,
Department of Energy,Lawrence Berkeley National Laboratory,---,Home Energy Score,https://developers.buildingsapi.lbl.gov/hescore/documentation/hescore-api-definitions,,,
Department of Energy,Lawrence Berkeley National Laboratory,---,Energy IQ,https://developers.buildingsapi.lbl.gov/eiq/documentation,,,
Department of Energy,Lawrence Berkeley National Laboratory,---,Colt API,http://acs.lbl.gov/software/colt/,,,
Department of Energy,Lawrence Berkeley National Laboratory,---,Materials Project API,https://materials.nersc.gov/open,,,
Department of Energy,Oak Ridge National Laboratory,---,Bioenergy Knowledge Discovery Framework REST API,http://gisthal.ornl.gov/apidocs/restapi,,,
Department of Energy,Oak Ridge National Laboratory,---,FuelEconomy.gov Web Services,http://www.fueleconomy.gov/feg/ws/index.shtml,,https://www.fueleconomy.gov/ws,
Department of Energy,Office of Scientific and Technical Information,---,Conference Information,http://www.osti.gov/XMLServices,,https://www.osti.gov/XMLServices,
Department of Energy,Office of Scientific and Technical Information,---,DOepatents Database Data,http://www.osti.gov/XMLServices,,,
Department of Energy,Office of Scientific and Technical Information,---,DOE Data Explorer,http://www.osti.gov/XMLServices,,,
Department of Energy,Office of Scientific and Technical Information,---,Energy Citations Database Data,http://www.osti.gov/XMLServices,,,
Department of Energy,Office of Scientific and Technical Information,---,FreedomCAR/FCVT Data,http://www.osti.gov/XMLServices,,,
Department of Energy,Office of Scientific and Technical Information,---,Geothermal/Geothermal Legacy Data,http://www.osti.gov/XMLServices,,,
Department of Energy,Office of Scientific and Technical Information,---,Green Energy Data Service,http://www.osti.gov/XMLServices,,,
Department of Energy,Office of Scientific and Technical Information,---,Hydropower Data,http://www.osti.gov/XMLServices,,,
Department of Energy,Office of Scientific and Technical Information,---,Information Bridge Data,http://www.osti.gov/XMLServices,,,
Department of Energy,Office of Scientific and Technical Information,---,R&D Accomplishments,http://www.osti.gov/XMLServices,,,
Department of Energy,Office of Scientific and Technical Information,---,SciTech Connect Data,http://www.osti.gov/XMLServices,,,
Department of Energy,Pacific Northwest National Laboratory,---,Commercial Building Energy Asset Scoring API,https://assetscoreapi.pnnl.gov/apidoc,,,
Department of Energy,Sandia National Laboratory,---,Kokkos Node API,http://trilinos.sandia.gov/packages/docs/r10.10/packages/kokkos/doc/html/group__kokkos__node__api.html,,,
Department of Energy,Sandia National Laboratory,---,Kokkos Compresssed-Row Sparse API,http://trilinos.sandia.gov/packages/docs/r10.12/packages/kokkos/doc/html/group__kokkos__crs__ops.html,,,
Department of Energy,Sandia National Laboratory,---,Cognitive Foundry API,http://foundry.sandia.gov/releases/latest/javadoc-api/index.html,,,
Department of Energy,Sandia National Laboratory,---,Multi-Level API,http://trilinos.sandia.gov/packages/ml/mlapi.html,,,
Department of Health and Human Services,---,---,HIV/AIDS Service Provider Locator API,http://locator.aids.gov/data-how-to.html,,https://www.hhs.gov/developer,
Department of Health and Human Services,---,---,Content Syndication API,https://syndication.hhs.gov/storefront/apiDoc,,,
Department of Health and Human Services,---,---,Health Topics A-to-Z API,http://healthfinder.gov/developer/How_to_Use.aspx,,https://healthfinder.gov/developers/,
Department of Health and Human Services,---,---,Healthcare Finder API,http://finder.healthcare.gov/services,,,
Department of Health and Human Services,---,---,Healthcare.gov Content API,https://www.healthcare.gov/developers/,,https://www.healthcare.gov/developers,
Department of Health and Human Services,---,---,HealthData.gov Catalog API,http://healthdata.gov/catalog-api,,https://www.healthdata.gov/developer,
Department of Health and Human Services,---,---,HealthData.gov Data API,http://healthdata.gov/data-api,,,
Department of Health and Human Services,---,---,Applicant Web Services,http://www.grants.gov/web/grants/s2s/applicant/web-services.html,,,
Department of Health and Human Services,---,---,Grantor Web Services,http://www.grants.gov/web/grants/s2s/grantor/web-services.html,,,
Department of Health and Human Services,Agency for Healthcare Research and Quality,---,Clinical Decision Support API,https://ushik.ahrq.gov/help/CDS/api?system=cds,,,
Department of Health and Human Services,Agency for Healthcare Research and Quality,---,Electronic Preventive Services Selector (ePSS) API,https://epss.ahrq.gov/PDA/epssjson.jsp,,,
Department of Health and Human Services,Agency for Healthcare Research and Quality,---,Quality Reporting Programs API,http://ushik.ahrq.gov/help/MeaningfulUse/api?system=mu,,,
Department of Health and Human Services,Administration on Aging,---,Eldercare.gov Locator API,http://eldercare.gov/Eldercare.NET/Public/Site_Utilities/API_Reg/API_Registration.aspx,,,
Department of Health and Human Services,Administration for Children and Families,---,AChecker Web Service,https://achecker.grantsolutions.gov/documentation/web_service_api.php,,,
Department of Health and Human Services,Centers for Medicare and Medicaid Services,---,Quality Payment Program Submissions API,https://cmsgov.github.io/qpp-submissions-docs/,,https://developer.cms.gov/,
Department of Health and Human Services,Centers for Medicare and Medicaid Services,---,Quality Payment Program CMS Web Interface API,https://qpp.cms.gov/developers,,https://qpp.cms.gov/developers,
Department of Health and Human Services,Centers for Medicare and Medicaid Services,---,Healthcare Associated Infections API,https://data.medicare.gov/developers/docs/healthcare-associated-infections,,,
Department of Health and Human Services,Centers for Medicare and Medicaid Services,---,Inpatient Prospective Payment System (IPPS) Provider Summary for the Top 100 Diagnosis-Related Groups (DRG),https://data.cms.gov/developers/docs/inpatient-charge-data-FY2011,,,
Department of Health and Human Services,Centers for Medicare and Medicaid Services,---,Inpatient Prospective Payment System (IPPS) Provider Summary for the Top 100 Diagnosis-Related Groups (DRG) - 2,https://data.cms.gov/developers/docs/ippps,,,
Department of Health and Human Services,Centers for Medicare and Medicaid Services,---,National Plan and Provider Enumeration System - National Provider Identifier API,https://npiregistry.cms.hhs.gov/registry/help-api,,,
Department of Health and Human Services,Centers for Medicare and Medicaid Services,---,Nursing Home Compare - Provider Ratings API,https://data.medicare.gov/developers/docs/nursing-home-compare-provider-ratings,,https://data.medicare.gov/,
Department of Health and Human Services,Centers for Medicare and Medicaid Services,---,Spending Breakdown by Claim API,https://data.medicare.gov/developers/docs/spending-breakdown-by-claim,,,
Department of Health and Human Services,Centers for Medicare and Medicaid Services,---,CMS Innovative Center Model Participants,https://data.cms.gov/developers/docs/cms-innovation-center-model-participants,,,
Department of Health and Human Services,Centers for Medicare and Medicaid Services,---,CMS Newsroom,https://data.cms.gov/developers/docs/cms-newsroom,,,
Department of Health and Human Services,Centers for Medicare and Medicaid Services,---,Savings Calculator,https://data.cms.gov/developers/docs/savings-calculator,,,
Department of Health and Human Services,Centers for Medicare and Medicaid Services,---,Hospitals in Partnership of Patients Hospital Engagement Networks (HENs),https://data.cms.gov/developers/docs/hospitals-in-the-partnership-for-patients-hospital-engagement-networks-hens,,,
Department of Health and Human Services,Centers for Medicare and Medicaid Services,---,PfP Pledge Database,https://data.cms.gov/developers/docs/pfp-pledge-database,,,
Department of Health and Human Services,Centers for Medicare and Medicaid Services,---,CMS Innovation Center Model Awardees,https://data.cms.gov/developers/docs/cms-innovation-center-model-awardees,,,
Department of Health and Human Services,Centers for Medicare and Medicaid Services,---,CMS Innovation Center Data And Reports,https://data.cms.gov/developers/docs/cms-innovation-center-data-and-reports,,,
Department of Health and Human Services,Centers for Disease Control,---,Content API,https://tools.cdc.gov/syndication/api.aspx,,,
Department of Health and Human Services,Centers for Disease Control,---,Health Indicators Warehouse API,http://healthindicators.gov/Developers/,,https://healthindicators.gov/Developers/,
Department of Health and Human Services,Centers for Disease Control,---,Public Health Infomation Network Vocabulary Access and Distribution System API,https://phinvads.cdc.gov/vads/developersGuide.action,,,
Department of Health and Human Services,Centers for Disease Control,---,Wonder Data,http://wonder.cdc.gov/wonder/help/WONDER-API.html,,,
Department of Health and Human Services,Food and Drug Administration,---,Content API,http://tools.fda.gov/CSStorefront/api.aspx,,,
Department of Health and Human Services,Food and Drug Administration,---,Adverse Events API,https://open.fda.gov/drug/event/,,https://open.fda.gov,
Department of Health and Human Services,Food and Drug Administration,---,Enforcement Reports API,https://open.fda.gov/device/enforcement/,,,
Department of Health and Human Services,Food and Drug Administration,---,Drug Labels API,https://open.fda.gov/drug/label/,,,
Department of Health and Human Services,Health Resources and Services Administration,---,Ryan White HIV/AIDS Medical Care Providers API,http://datawarehouse.hrsa.gov/HDWDataServiceExternal/HdwDataWebServiceExternal.asmx?op=FindHIVAIDSCareProvidersAroundALocation,,,
Department of Health and Human Services,Health Resources and Services Administration,---,Health Centers Location API,http://datawarehouse.hrsa.gov/HDWDataServiceExternal/HdwDataWebServiceExternal.asmx?op=FindHealthCentersAroundALocation,,,
Department of Health and Human Services,Health Resources and Services Administration,---,Health Centers Area API,http://datawarehouse.hrsa.gov/HDWDataServiceExternal/HdwDataWebServiceExternal.asmx?op=FindHealthCentersByArea,,,
Department of Health and Human Services,Health Resources and Services Administration,---,Infant Mortality API,http://datawarehouse.hrsa.gov/HDWDataServiceExternal/HdwDataWebServiceExternal.asmx?op=FindInfantMortalityByFIPSCode,,,
Department of Health and Human Services,Health Resources and Services Administration,---,Infant Mortality 2 API,http://datawarehouse.hrsa.gov/HDWDataServiceExternal/HdwDataWebServiceExternal.asmx?op=FindInfantMortalityByFIPSCodeInXmlDoc,,,
Department of Health and Human Services,Health Resources and Services Administration,---,Data Warehouse Online Map Service,http://datawarehouse.hrsa.gov/HGDWFeatureService.aspx,,,
Department of Health and Human Services,Indian Health Service,---,ArcGIS Web Service,https://gis.ihs.gov/ArcGIS/rest/services/public/,,,
Department of Health and Human Services,National Insitutes of Health,---,NIH Enterprise Web Services,https://federation.nih.gov/webServices.asp,,,
Department of Health and Human Services,National Insitutes of Health,---,BioAssay Research Database,https://github.com/ncats/bard/wiki,,,
Department of Health and Human Services,National Insitutes of Health,---,3D Print,https://niaid.github.io/3dpx_api/,,,
Department of Health and Human Services,National Cancer Insitute,---,caIntegrator,http://caintegrator-info.nci.nih.gov/developers/,,,
Department of Health and Human Services,National Cancer Insitute,---,"Cancer.gov Surveillance, Epidemiology, and End Results API",https://api.seer.cancer.gov/home.do,,,
Department of Health and Human Services,National Cancer Insitute,---,Biological DataBase Network Web Services,http://biodbnet.abcc.ncifcrf.gov/webServices/,,,
Department of Health and Human Services,National Cancer Insitute,---,Cancer Data Standards Registry and Repository APIs,https://wiki.nci.nih.gov/display/caDSR/caDSR+APIs,,,
Department of Health and Human Services,National Cancer Insitute,---,Object Cart API,https://wiki.nci.nih.gov/display/caDSR/Object+Cart+API,,,
Department of Health and Human Services,National Cancer Insitute,---,Clinical Trials API,https://clinicaltrialsapi.cancer.gov/,,,
Department of Health and Human Services,National Cancer Insitute,---,Genomic Data Commons API,https://gdc.cancer.gov/developers/gdc-application-programming-interface-api,,https://gdc.cancer.gov/developers,
Department of Health and Human Services,National Institute of Allergy and Infectious Diseases,---,Content API,http://tools.niaid.nih.gov/register/api.aspx,,,
Department of Health and Human Services,National Institute of Allergy and Infectious Diseases,---,DAVID API,http://david.abcc.ncifcrf.gov/content.jsp?file=WS.html,,,
Department of Health and Human Services,National Institute on Drug Abuse,---,Drug Use Screening Tool API,http://www.drugabuse.gov/developers/nmassist,,https://www.drugabuse.gov/developer,
Department of Health and Human Services,National Institute of Neurological Disorders and Stroke,---,Research Services Branch's Developer Resources,http://rsb.info.nih.gov/ij/developer/,,,
Department of Health and Human Services,National Library of Medicine,---,AIDSinfo API,http://aidsinfo.nih.gov/api,,,
Department of Health and Human Services,National Library of Medicine,---,Basic Local Alignment Search Tool API,http://blast.ncbi.nlm.nih.gov/Blast.cgi?CMD=Web&PAGE_TYPE=BlastDocs&DOC_TYPE=DeveloperInfo,,,
Department of Health and Human Services,National Library of Medicine,---,ChemSpell API,http://chemspell.nlm.nih.gov/spell/,,,
Department of Health and Human Services,National Library of Medicine,---,ClinicalTrials.gov API,http://clinicaltrials.gov/ct2/info/linking,,,
Department of Health and Human Services,National Library of Medicine,---,DailyMed API,http://dailymed.nlm.nih.gov/dailymed/help.cfm,,,
Department of Health and Human Services,National Library of Medicine,---,Digital Collections Web Service,http://collections.nlm.nih.gov/web_service.html,,,
Department of Health and Human Services,National Library of Medicine,---,Directory of Information Resources Online API,http://dirline.nlm.nih.gov/dirlineapi/DIRLINEWebService.html,,,
Department of Health and Human Services,National Library of Medicine,---,Entrez Programming Utilities API,http://www.ncbi.nlm.nih.gov/bookshelf/br.fcgi?book=helpeutils,,,
Department of Health and Human Services,National Library of Medicine,---,Genetics Home Reference API,http://ghr.nlm.nih.gov/LinkingTo,,,
Department of Health and Human Services,National Library of Medicine,---,MedlinePlus Connect API,http://www.nlm.nih.gov/medlineplus/connect/service.html,,,
Department of Health and Human Services,National Library of Medicine,---,MedlinePlus Health Topics API,http://www.nlm.nih.gov/medlineplus/webservices.html,,,
Department of Health and Human Services,National Library of Medicine,---,MetaMap API,http://metamap.nlm.nih.gov/#MetaMapJavaApi,,,
Department of Health and Human Services,National Library of Medicine,---,National Drug File-Reference Terminology API,http://rxnav.nlm.nih.gov/NdfrtAPI.html,,,
Department of Health and Human Services,National Library of Medicine,---,Pillbox API,http://pillbox.nlm.nih.gov/API-documentation.html,,https://pillbox.nlm.nih.gov/developer.html,
Department of Health and Human Services,National Library of Medicine,---,Data Portal Pilot Project API - unpublished,https://dev.socrata.com/foundry/datadiscovery.nlm.nih.gov/asne-f5uu,,,
Department of Health and Human Services,National Library of Medicine,---,PubMed Central Open Access Web Service,http://www.ncbi.nlm.nih.gov/pmc/tools/oa-service/,,,
Department of Health and Human Services,National Library of Medicine,---,PubMed Central Open Archives Initiative Web Service,http://www.ncbi.nlm.nih.gov/pmc/tools/oai/,,,
Department of Health and Human Services,National Library of Medicine,---,PubChem Power User Gateway API,http://pubchem.ncbi.nlm.nih.gov/pug/pughelp.html,,,
Department of Health and Human Services,National Library of Medicine,---,RxMix API,http://mor.nlm.nih.gov/RxMix/,,,
Department of Health and Human Services,National Library of Medicine,---,RxNorm API,http://rxnav.nlm.nih.gov/RxNormAPI.html,,,
Department of Health and Human Services,National Library of Medicine,---,RxTerms API,http://rxnav.nlm.nih.gov/RxTermsAPI.html,,,
Department of Health and Human Services,National Library of Medicine,---,Semantic Knowledge Representation API,http://skr.nlm.nih.gov/SKR_API/,,,
Department of Health and Human Services,National Library of Medicine,---,TOXNET API,http://toxnet.nlm.nih.gov/toxnetapi/TOXNETWebService.html,,,
Department of Health and Human Services,National Library of Medicine,---,Unified Medical Language System (UMLS) Terminology Services API,https://documentation.uts.nlm.nih.gov/rest/home.html,,,
Department of Health and Human Services,National Library of Medicine,---,Value Set Authority Center (VSAC) API,https://vsac.nlm.nih.gov/,,,
Department of Health and Human Services,National Library of Medicine,---,Voyager API,http://www.nlm.nih.gov/services/lpz3950.html,,,
Department of Health and Human Services,Substance Abuse and Mental Health Services Administration,---,Content Repository APIs,http://store.samhsa.gov/developer,,,
Department of Health and Human Services,Substance Abuse and Mental Health Services Administration,---,RecoveryMonth.gov Web Services,http://recoverymonth.gov/webservices/events.asmx,,,
Department of Health and Human Services,Substance Abuse and Mental Health Services Administration,---,Store Developer APIs,http://store.samhsa.gov/developer,,,
Department of Homeland Security,---,---,National Terrorism Advisory System,http://www.dhs.gov/ntas-api-documentation,,https://www.dhs.gov/developer,
Department of Homeland Security,Coast Guard,---,Port State Information web service,http://psix.uscg.mil/xml/PSIXData.asmx,,,
Department of Homeland Security,Citizenship and Immigration Services,---,E-Verify Web Services,http://www.uscis.gov/sites/default/files/USCIS/Verification/E-Verify/E-Verify_Native_Documents/E-Verify%20Manuals%20and%20Guides/Supplemental_Guide_for_Web_Services_Users.pdf,,,
Department of Homeland Security,Federal Emergency Management Agency,---,Public Assistance Funded Projects - Summary,https://www.fema.gov/developers-page/openfema-dataset-public-assistance-funded-projects-summaries-v1,,https://www.fema.gov/developer-resources,
Department of Homeland Security,Federal Emergency Management Agency,---,Public Assistance Funded Projects - Details,https://www.fema.gov/data-feeds/openfema-dataset-public-assistance-funded-projects-details-v1,,,
Department of Homeland Security,Federal Emergency Management Agency,---,Public Assistance Applicants,https://www.fema.gov/data-feeds/openfema-dataset-public-assistance-applicants-v1,,,
Department of Homeland Security,Federal Emergency Management Agency,---,Hazard Mitigation Grant Program Property Acquisitions,http://www.fema.gov/data-feeds/openfema-dataset-hazard-mitigation-grant-program-property-acquisitions-v1,,,
Department of Homeland Security,Federal Emergency Management Agency,---,Hazard Mitigation Grants,https://www.fema.gov/data-feeds/openfema-dataset-hazard-mitigation-grants-v1,,,
Department of Homeland Security,Federal Emergency Management Agency,---,Disaster Declarations Summaries,http://www.fema.gov/data-feeds/openfema-dataset-disaster-declarations-summaries-v1,,,
Department of Homeland Security,Federal Emergency Management Agency,---,OpenFEMA Datasets,https://www.fema.gov/data-feeds/openfema-dataset-openfema-data-sets-v1,,,
Department of Homeland Security,Federal Emergency Management Agency,---,OpenFEMA Dataset Fields,https://www.fema.gov/data-feeds/openfema-dataset-openfema-data-set-fields-v1,,,
Department of Homeland Security,Federal Emergency Management Agency,---,FEMA Enterprise GIS Services,http://gis.fema.gov/REST/services,,,
Department of Homeland Security,Transportation Security Administration,---,TSA MyTSA API,http://www.dhs.gov/mytsa-api-documentation,,,
Department of Housing and Urban Development,---,---,ArcGIS Services,http://egis.hud.gov/ArcGIS/rest/services,,,
Department of Housing and Urban Development,---,---,Housing Counseling Information,http://data.hud.gov/housing_counseling.html,,https://www.hud.gov/developer,
Department of Housing and Urban Development,---,---,IMAX system,http://portal.hud.gov/hudportal/HUD?src=/program_offices/housing/mfh/trx/trxdocs,,,
Department of Housing and Urban Development,---,---,Section 3 Housing Lookup,http://data.hud.gov/section3.html,,,
Department of Housing and Urban Development,---,---,Location Affordability Index,http://services.arcgis.com/VTyQ9soqVukalItT/arcgis/rest/services/LocationAffordabilityIndexData/FeatureServer,,,https://www.doi.gov/developer
Department of the Interior,Bureau of Land Management,---,Areas of Critical Environmental Concern ARCGIS Server,http://www.geocommunicator.gov/ARCGIS/REST/services/ACEC/MapServer,,,
Department of the Interior,Bureau of Land Management,---,Administrative Areas ARCGIS Server,http://www.geocommunicator.gov/ARCGIS/REST/services/Basemaps/MapServer,,,
Department of the Interior,Bureau of Land Management,---,Geocommunicator Map Services,http://www.blm.gov/nils/GeoComm/home_services.html#Map,,,
Department of the Interior,Bureau of Land Management,---,General Land Office Web Services,http://www.glorecords.blm.gov/WebServices/glorecords.asmx,,,
Department of the Interior,Bureau of Land Management,---,Land Description Services,http://www.blm.gov/nils/GeoComm/home_services.html#Data,,,
Department of the Interior,Bureau of Land Management,---,Landscape ARCGIS Server,http://www.landscape.blm.gov/ArcGIS/rest/services,,,
Department of the Interior,Bureau of Land Management,---,Oil and Gas Lease Sale Parcels ARCGIS Server,http://www.geocommunicator.gov/ARCGIS/REST/services/Oil_Gas/MapServer,,,
Department of the Interior,Bureau of Land Management,---,Public Land Survey System ARCGIS Server,http://www.geocommunicator.gov/ARCGIS/REST/services/PLSS/MapServer,,,
Department of the Interior,Bureau of Land Management,---,Rangeland ARCGIS Server,http://www.geocommunicator.gov/ARCGIS/REST/services/Rangeland/MapServer,,,
Department of the Interior,Bureau of Land Management,---,Right-of-Way ARCGIS Server,http://www.geocommunicator.gov/ARCGIS/REST/services/ROW/MapServer,,,
Department of the Interior,Bureau of Land Management,---,Solar ARCGIS Server,http://www.geocommunicator.gov/ARCGIS/REST/services/Solar/MapServer,,,
Department of the Interior,Bureau of Land Management,---,Surface Management Agency ARCGIS Server,http://www.geocommunicator.gov/ARCGIS/REST/services/SMA/MapServer,,,
Department of the Interior,Bureau of Land Management,---,Survey Exporter Service,http://www.blm.gov/nils/GeoComm/home_services.html#Data,,,
Department of the Interior,Bureau of Land Management,---,Township Geocoder Service,http://www.blm.gov/nils/GeoComm/home_services.html#Data,,,
Department of the Interior,Bureau of Ocean Energy Management,---,BOEM ARCGIS Server,http://gis.boemre.gov/arcgis/sdk/rest/,,,
Department of the Interior,Fish and Wildlife Service,---,Critical Habitat Portal,http://criticalhabitat.fws.gov/,,,
Department of the Interior,Fish and Wildlife Service,---,Environmental Conservation Online System Web Services,http://ecos.fws.gov/tat_services/,,,
Department of the Interior,Fish and Wildlife Service,---,Fish & Wildlife Service ARCGIS Service,http://gis.fws.gov/arcgis/,,,
Department of the Interior,Fish and Wildlife Service,---,National Wetlands Inventory Web Map Services,http://www.fws.gov/wetlands/Data/Web-Map-Services.html,,,
Department of the Interior,Fish and Wildlife Service,---,Threatened & Endangered Species Query Web Service,http://ecos.fws.gov/tat_services/web/html/TessQuery.html,,,
Department of the Interior,National Park Service,---,ArcGIS Server REST API,http://mapservices.nps.gov/arcgis/sdk/rest/index.html?query.html,,,
Department of the Interior,National Park Service,---,NPMap,http://www.nps.gov/npmap/support/api.html,,,
Department of the Interior,National Park Service,---,,developer.nps.gov/,,https://www.nps.gov/developer,
Department of the Interior,Office of Surface Mining Reclamation and Enforcement,---,OSMRE ARCGIS Server,http://geomine.osmre.gov/ArcGIS/rest,,,
Department of the Interior,US Geological Survey,---,Biodiversity Information Serving Our Nation API,http://bison.usgs.ornl.gov/services.html,,https://data.usgs.gov/,
Department of the Interior,US Geological Survey,---,Eastern Geographic Science Center Map Web Services,http://sscweb.gsfc.nasa.gov/WebServices/,,,
Department of the Interior,US Geological Survey,---,Earthquake Hazards API,http://comcat.cr.usgs.gov/fdsnws/event/1/,,,
Department of the Interior,US Geological Survey,---,Earthquake Data - Vs30 application,http://earthquake.usgs.gov/hazards/apps/vs30/documentation.php,,,
Department of the Interior,US Geological Survey,---,Grand Canyon Monitoring and Research Center,http://www.gcmrc.gov/WebService.asmx,,,
Department of the Interior,US Geological Survey,---,Map-A-Planet: Web Map Service,http://www.mapaplanet.gov/explorer/help/wmsUserDoc.html,,,
Department of the Interior,US Geological Survey,---,National Atlas Web Feature Service,http://nationalatlas.gov/infodocs/wfs_intro.html,,,
Department of the Interior,US Geological Survey,---,National Atlas Web Map Services,http://nationalatlas.gov/infodocs/wms_intro.html,,,
Department of the Interior,US Geological Survey,---,NationalMap.gov Web Services,http://viewer.nationalmap.gov/example/services.html,,https://viewer.nationalmap.gov/example/services.html,
Department of the Interior,US Geological Survey,---,ScienceBase API,https://www.sciencebase.gov/confluence/display/sciencebase/ScienceBase+Item+Services,,,
Department of the Interior,US Geological Survey,---,ScienceBase Web Services,https://www.sciencebase.gov/catalog/items?filter0=browseCategory%3DData,,,
Department of the Interior,US Geological Survey,---,Streamstats Web Services,http://streamstatsags.cr.usgs.gov/webservices/wsui.htm,,,
Department of the Interior,US Geological Survey,---,Water Quality Portal Web Services,http://www.waterqualitydata.us/webservices_documentation.jsp,,,
Department of the Interior,US Geological Survey,---,Daily Values` (DV) Web Services,http://waterservices.usgs.gov/rest/DV-Test-Tool.html,,,
Department of the Interior,US Geological Survey,---,Groundwater Levels Web Services,http://waterservices.usgs.gov/rest/GW-Levels-Test-Tool.html,,,
Department of the Interior,US Geological Survey,---,Instantaneous Values (IV) Web Services,http://waterservices.usgs.gov/rest/IV-Test-Tool.html,,,
Department of the Interior,US Geological Survey,---,Water Services - Site Service,http://waterservices.usgs.gov/rest/Site-Test-Tool.html,,,
Department of Justice,"Bureau of Alcohol, Tobacco, Firearms, and Explosives",---,Time To Crime Rates For Firearms With A Recovery,https://atf.socrata.com/developers/docs/time-to-crime-rates-for-firearms-with-a-recovery,,https://www.atf.gov/content/About/statistics/developer,
Department of Justice,"Bureau of Alcohol, Tobacco, Firearms, and Explosives",---,API for Top 15 Source States with a Recovery,https://atf.socrata.com/developers/docs/top-15-source-states-with-a-recovery,,,
Department of Justice,"Bureau of Alcohol, Tobacco, Firearms, and Explosives",---,API for Top Categories Reported On Firearm Traces with a Recovery,https://atf.socrata.com/developers/docs/top-categories-reported-on-firearm-traces-with-a-recovery,,,
Department of Justice,"Bureau of Alcohol, Tobacco, Firearms, and Explosives",---,API for Top Recovery Cities For Firearms With A Recovery,https://atf.socrata.com/developers/docs/top-recovery-cities-for-firearms-with-a-recovery,,,
Department of Justice,"Bureau of Alcohol, Tobacco, Firearms, and Explosives",---,Pistols - Firearms Manufacturing Report,https://atf.socrata.com/developers/docs/pistols-firearms-manufacturing-report,,,
Department of Justice,"Bureau of Alcohol, Tobacco, Firearms, and Explosives",---,API for Firearms Types With A Recovery,https://atf.socrata.com/developers/docs/firearms-types-with-a-recovery,,,
Department of Justice,Bureau of Justice Statistics,---,National Crime Victimization Survey API,http://www.bjs.gov/developer/ncvs/index.cfm,,https://www.bjs.gov/developer/,
Department of Justice,Drug Enforcement Agency,---,E-Commerce API,http://www.deaecom.gov/developer.html,,https://www.deaecom.gov/developer.html,
Department of Justice,Federal Bureau of Investigation,---,FBI Most Wanted API,https://api.fbi.gov/docs/wanted/index.html,,,https://www.justice.gov/developer
Department of Justice,Federal Bureau of Investigation,---,Crime Data Explorer API,https://api.fbi.gov/docs/wanted/index.html,,,
Department of Justice,Office of Information Policy,---,FOIA,https://www.foia.gov/developer/,,https://www.foia.gov/developer/,
Department of Justice,Office of Justice Programs,---,Award Selector API,http://data.ojp.gov/developer/awards/index.html,,https://data.ojp.gov/developer/,
Department of Justice,Office of Justice Programs,---,Grant Funding Opportunities API,http://data.ojp.gov/services/ppi/includes/API/FundingAPI.htm,,,
Department of Labor,---,---,Developer.DOL.gov APIs,http://developer.dol.gov,,https://developer.dol.gov/,
Department of Labor,Bureau of Labor Statistics,---,Public Data API,http://www.bls.gov/developers/,,https://www.bls.gov/developers/,
Department of State,---,---,Foreign Per Diem Rates API,https://explore.data.gov/developers/docs/foreign-per-diem-rates-by-location,,,
Department of State,---,---,OPDS Catalog of Foreign Relations of the United States API,http://history.state.gov/developer/catalog,,https://history.state.gov/developer,https://www.state.gov/developer
Department of State,---,---,Travel Alerts and Travel Warnings,http://ec2-96-127-45-207.us-gov-west-1.compute.amazonaws.com/dataset/travel,,,
Department of State,---,---,US Passport Statistics,http://ec2-96-127-45-207.us-gov-west-1.compute.amazonaws.com/dataset/stati,,,
Department of State,---,---,Reference Data,http://ec2-96-127-45-207.us-gov-west-1.compute.amazonaws.com/dataset/reference-data,,,
Department of State,---,---,Select State.gov Data API,http://www.state.gov/api/v1/docs/,,,
Department of Transportation,Federal Aviation Administration,---,Airport Status,http://services.faa.gov/docs/services/airport/,Deprecated,https://services.faa.gov/,https://www.dot.gov/developer
Department of Transportation,Federal Aviation Administration,---,Aeronautic Product Release API,https://www.faa.gov/got_data/aero_data/,,,
Department of Transportation,Federal Railroad Administration,---,Federal Railroad Administration Public API,https://safetydata.fra.dot.gov/MasterWebService/PublicApi/,,,
Department of Transportation,Federal Railroad Administration,---,Highway-Rail Grade Crossing Accident/Incident Report (Form 57) API,https://safetydata.fra.dot.gov/MASTERWEBSERVICE/DatadownloadService.asmx?op=GetAccident57DataByRailroad,,,
Department of Transportation,Federal Railroad Administration,---,Rail Equipment Accident/Incident Report (Form 54) API,https://safetydata.fra.dot.gov/MASTERWEBSERVICE/DatadownloadService.asmx?op=GetAccident54DataByRailroad,,,
Department of Transportation,Federal Motor Carrier Safety Administration,---,SaferBus,https://mobile.fmcsa.dot.gov/developer/apidoc.page?cid=48,,https://mobile.fmcsa.dot.gov/developer,
Department of Transportation,National Highway Traffic Safety Administration,---,Product Information Catalog Vehicle Listing (VIN) API,https://vpic.nhtsa.dot.gov/api/,,,
Department of Transportation,National Highway Traffic Safety Administration,---,Child Safety Seat Inspection Station Locator API,http://www.nhtsa.gov/webapi/Default.aspx?CSSIStations/API/80,,,
Department of Transportation,National Highway Traffic Safety Administration,---,Civil Penalty Payments API,http://www.nhtsa.gov/webapi/Default.aspx?CivilPenalties/API/251,,,
Department of Transportation,National Highway Traffic Safety Administration,---,New Car Assessment Program - 5 Star Safety Ratings API,http://www.nhtsa.gov/webapi/Default.aspx?SafetyRatings/API/5,,,
Department of Transportation,National Highway Traffic Safety Administration,---,Office of Defects Investigation Complaints API,http://www.nhtsa.gov/webapi/Default.aspx?Complaints/API/81,,,
Department of Transportation,National Highway Traffic Safety Administration,---,Office of Defects Investigation Recalls,http://www.nhtsa.gov/webapi/Default.aspx?Recalls/API/83,,,
Department of the Treasury,Bureau of Engraving and Printing,---,Annual Currency Production by Denomination API,https://explore.data.gov/developers/docs/annual-production-figures-of-united-states-currency,,,
Department of the Treasury,Bureau of the Fiscal Service,---,Debt Information API,http://www.treasurydirect.gov/webapis/webapisdebt.htm,,https://www.treasurydirect.gov/webapis/webapisindex.htm,
Department of the Treasury,Bureau of the Fiscal Service,---,Treasury Security Information,http://www.treasurydirect.gov/webapis/webapisecurities.htm,,,https://www.treasury.gov/developer
Department of the Treasury,Internal Revenue Service,---,SOI County-to-County Outflow Migration Data API,https://explore.data.gov/developers/docs/irs-county-to-county-annual-migration-data-outflow-2004-2010,,,
Department of the Treasury,Internal Revenue Service,---,SOI County-to-County Inflow Migration Data API,https://explore.data.gov/developers/docs/irs-county-to-county-annual-migration-data-inflow-2004-2010,,,
Department of Veterans Affairs,---,---,Email Utilities API,http://www1.va.gov/webservices/email/documentation/utilities.cfm,,,
Department of Veterans Affairs,---,---,Posttraumatic Stress Disorder Programs API,http://www.va.gov/webservices/PTSD/documentation/PTSD.cfm,,,https://www.va.gov/developer
Department of Veterans Affairs,---,---,Press Release API,http://www.va.gov/webservices/press/documentation/releases.cfm,,,
Department of Veterans Affairs,---,---,VA Facilities API,http://www1.va.gov/webservices/fandl/documentation/fandl.cfm,,,
Department of Veterans Affairs,---,---,VetSuccess API,http://www.vetsuccess.gov/assets/VetSuccess-Web_Service_Integration_Manual.pdf,,,
Department of Veterans Affairs,---,---,Digits-2-Digits Technical Resources,http://www.innovation.va.gov/program-d2d.html,,,
Department of Veterans Affairs,---,---,Resources API,https://www.nrd.gov/home/api/resources,,https://www.nrd.gov/home/api,
Department of Veterans Affairs,---,---,Veterans Job Bank Search API,https://www.nrd.gov/home/api/veterans_job_search,,,
Department of Veterans Affairs,National Cemetary Administration,---,Nationwide Gravesite Locations API,https://explore.data.gov/developers/docs/veterans-burial-sites,,,
---,Consumer Financial Protection Bureau,---,Consumer Complaint Database,http://cfpb.github.io/api/ccdb/,,,
---,Consumer Financial Protection Bureau,---,Home Mortgage Disclosure Act API,http://cfpb.github.io/api/hmda/,,https://www.consumerfinance.gov/developers/,
---,Consumer Product Safety Commission,---,Recalls API,http://www.cpsc.gov/en/Recalls/CPSC-Recalls-Application-Program-Interface-API-Information/,,,
---,Consumer Product Safety Commission,---,SaferProducts.gov API,http://www.saferproducts.gov/faq-developers.aspx,,,
---,Consumer Product Safety Commission,---,Import and Marketplace Violation Data API,https://opendata.cpsc.gov/opendataApi/apidocs/api-guide,,,
---,Consumer Product Safety Commission,---,National Electronic Injury Surveillance System (NEISS),https://opendata.cpsc.gov/opendataApi/apidocs/api-guide,,,
---,Enviromental Protection Agency,---,Envirofacts API,http://www.epa.gov/developer/ef_api.html,,https://www.epa.gov/developer/,
---,Enviromental Protection Agency,---,Environmental Dataset Gateway,https://edg.epa.gov/metadata/catalog/components/components.page,,,
---,Enviromental Protection Agency,---,Energy Star 3rd-Party Certification,http://www.energystar.gov/index.cfm?c=third_party_certification.tpc_xml_forms,,https://data.energystar.gov/developers,
---,Enviromental Protection Agency,---,Energy Star Automated Benchmarking System API,http://www.energystar.gov/index.cfm?c=spp_res.pt_host_preview_doc,,,
---,Enviromental Protection Agency,---,Energy Star Certified Cloths Washers,https://data.energystar.gov/developers/docs/energy-star-certified-clothes-washers,,,
---,Enviromental Protection Agency,---,Energy Star Certified Cordless Phones,https://data.energystar.gov/developers/docs/certified-cordless-phones,,,
---,Enviromental Protection Agency,---,Energy Star Certified Residential Dishwashers,https://data.energystar.gov/developers/docs/energy-star-certified-residential-dishwashers,,,
---,Enviromental Protection Agency,---,Energy Star Certified Roof Products,https://data.energystar.gov/developers/docs/energy-star-certified-roof-products,,,
---,Enviromental Protection Agency,---,Energy Star Certified Geothermal Heatpumps,https://data.energystar.gov/developers/docs/energy-star-certified-geothermal-heatpumps,,,
---,Enviromental Protection Agency,---,Energy Star Certified Air Cleaners,https://data.energystar.gov/developers/docs/energy-star-certified-room-air-cleaners,,,
---,Enviromental Protection Agency,---,Energy Star Portfolio Manager Basic Account Services,http://portfoliomanager.energystar.gov/webservices/home/api/account,,,
---,Enviromental Protection Agency,---,Energy Star Portfolio Manager Connection/Share Services,http://portfoliomanager.energystar.gov/webservices/home/api/connection,,,
---,Enviromental Protection Agency,---,Energy Star Portfolio Manager Property Services,http://portfoliomanager.energystar.gov/webservices/home/api/property,,,
---,Enviromental Protection Agency,---,Energy Star Portfolio Manager Building Services,http://portfoliomanager.energystar.gov/webservices/home/api/building,,,
---,Enviromental Protection Agency,---,Energy Star Portfolio Manager Property Use Services,http://portfoliomanager.energystar.gov/webservices/home/api/propertyUse,,,
---,Enviromental Protection Agency,---,Energy Star Portfolio Manager Meter Services,http://portfoliomanager.energystar.gov/webservices/home/api/meter,,,
---,Enviromental Protection Agency,---,Energy Star Portfolio Manager Reporting Services,http://portfoliomanager.energystar.gov/webservices/home/api/reporting,,,
---,Enviromental Protection Agency,---,Energy Star Portfolio Manager Target Finder Services,http://portfoliomanager.energystar.gov/webservices/home/api/targetFinder,,,
---,Enviromental Protection Agency,---,My Right to Know API,http://epa.gov/developer/myRTK.html,,,
---,Enviromental Protection Agency,---,Regulations.gov Document Search API,http://www.regulations.gov/#!developers,,,
---,Enviromental Protection Agency,---,Regulations.gov Document Information API,http://www.regulations.gov/#!developers,,https://www.regulations.gov/#!developers,
---,Enviromental Protection Agency,---,Regulations.gov Docket Information API,http://www.regulations.gov/#!developers,,,
---,Enviromental Protection Agency,---,Reusable Component REST Services,http://iaspub.epa.gov/sor_internet/registry/reusereg/searchandretrieve/search.do?executeSearch=&browseParam=assetTypeList:REST%20Web%20Service,,,
---,Enviromental Protection Agency,---,Ultraviolet Index API,http://www.epa.gov/developer/uv.html,,,
---,Enviromental Protection Agency,---,Water Quality Exchange APIs,http://cdx.epa.gov/WQXWeb/Services.asmx,,,
---,Federal Communications Commission,---,Accessibility Clearinghouse API,http://apps.fcc.gov/accessibilityclearinghouse/developers.html,,,
---,Federal Communications Commission,---,Broadband Map APIs,http://broadbandmap.gov/developer,,https://www.broadbandmap.gov/developer/,
---,Federal Communications Commission,---,Census Block Conversions,http://www.fcc.gov/developers/census-block-conversions-api,,https://www.fcc.gov/developers,
---,Federal Communications Commission,---,Content API,http://www.fcc.gov/developers/fcc-content-api,,,
---,Federal Communications Commission,---,Consumer Broadband Test,http://www.fcc.gov/developers/consumer-broadband-test-api,,,
---,Federal Communications Commission,---,Consumer Help Center API,https://www.fcc.gov/consumer-help-center-api,,,
---,Federal Communications Commission,---,Electronic Comment Filing System API,https://www.fcc.gov/ecfs/public-api-docs.html,,,
---,Federal Communications Commission,---,Form 499 Filer Database API,http://apps.fcc.gov/cgb/form499/docs/index.htm,,,
---,Federal Communications Commission,---,License View,http://www.fcc.gov/developers/license-view-api,,,
---,Federal Communications Commission,---,Low Power FM API,http://www.fcc.gov/developers/lpfm-api,,,
---,Federal Communications Commission,---,Public Inspection Files API,https://stations.fcc.gov/developer/,,,
---,Federal Communications Commission,---,Registration Number Conversions,http://www.fcc.gov/developers/frn-conversions-api,,,
---,Federal Communications Commission,---,Section 43.61 API,http://www.fcc.gov/developers/section-4361-api,,,
---,Federal Communications Commission,---,Spectrum Dashboard,http://www.fcc.gov/developers/spectrum-dashboard-api,,,
---,Federal Deposit Insurance Corporation,---,Bank Date API,https://banks.data.fdic.gov/docs/,,,
---,Federal Election Commission,---,OpenFEC API,https://api.open.fec.gov/developers/,,https://api.open.fec.gov/developers/,
---,Federal Trade Commission,---,HSR Early Termination Notices API,https://www.ftc.gov/developer/api/v0/endpoints/hsr-early-termination-notices,,https://www.ftc.gov/developer,
---,Federal Reserve,---,Federal Reserve Bank of St. Louis - FRED,http://research.stlouisfed.org/fred2,,https://api.stlouisfed.org/,
---,General Services Administration,---,Analytics.USA.gov API,https://analytics.usa.gov/developer,,https://analytics.usa.gov/developer,
---,General Services Administration,---,api.data.gov API,https://api.data.gov/developer/,,https://www.gsa.gov/developers/,
---,General Services Administration,---,Auctions,http://gsa.github.io/auctions_api,,,
---,General Services Administration,---,BusinessUSA,http://business.usa.gov/apis,,,
---,General Services Administration,---,Code.gov,https://developers.code.gov/,,https://developers.code.gov/,
---,General Services Administration,---,Corporate Consumer Contact API Documentation,http://www.usa.gov/About/developer-resources/corporation-contact-directory/index.shtml,,,
---,General Services Administration,---,Prototype City Pairs API,https://gsa.github.io/prototype-city-pairs-api-documentation/api-docs/,,,
---,General Services Administration,---,Data.gov CKAN API,http://www.data.gov/developers/apis,,https://www.data.gov/developers/,
---,General Services Administration,---,Data Center Consolidation API,https://explore.data.gov/developers/docs/federal-data-center-consolidation-initiative-fdcci-data-center-closings-2010-2013,,,
---,General Services Administration,---,Digital Registry,https://usdigitalregistry.digitalgov.gov/?__hstc=178037178.62083fad1da8e285ab785e525ccb825d.1530639896183.1540834826403.1541019618566.21&__hssc=178037178.1.1541019618566&__hsfp=793969426#swagger-api-docs,,,
---,General Services Administration,---,Digital Signature Solution API,https://gsa.github.io/DSSAPIDocumentation/api-docs/,,,
---,General Services Administration,---,FBOpen,http://18f.github.io/fbopen/,,,
---,General Services Administration,---,FedBizOpps Documentation,https://www.fbo.gov/?s=generalinfo&mode=list&tab=list&tabmode=list&static=documentation,,,
---,General Services Administration,---,Federal Agency Directory API,http://www.usa.gov/About/developer-resources/federal-agency-directory/index.shtml,,,
---,General Services Administration,---,Federal Procurement Data System - FPDS API,https://www.fpds.gov/downloads/FPDS-Specifications-WebServices_Integration_Specifications_V1.4.doc,,,
---,General Services Administration,---,Federal Procurement Data System - FAADS API,https://www.fpds.gov/downloads/FAADS/FAADS-Specifications-WebServices_Integration_Specifications_V2.doc,,,
---,General Services Administration,---,GEAR API,https://gsa.github.io/GEAR-Documentation/api-docs/console/,,,
---,General Services Administration,---,.Gov Domains API,https://explore.data.gov/developers/docs/federal-executive-agency-internet-domains,,,
---,General Services Administration,---,Go.USA.gov,http://go.usa.gov/api,,,
---,General Services Administration,---,Jobscenter,http://jobcenter.usa.gov/apis,,https://jobcenter.usa.gov/apis,
---,General Services Administration,---,Login.gov API,https://developers.login.gov/,,https://developers.login.gov/,
---,General Services Administration,---,Mobile App Gallery API,http://www.usa.gov/About/developer-resources/mobile-app-gallery/index.shtml,,,
---,General Services Administration,---,MyUSA Discovery API,http://discovery.my.usa.gov/,,,
---,General Services Administration,---,MyUSA Citizen API,My.USA.gov/developer,,https://my.usa.gov/developer/,
---,General Services Administration,---,Per Diem API,http://gsa.gov/portal/content/162379,,,
---,General Services Administration,---,Recalls API,http://search.digitalgov.gov/developer/recalls.html,,,
---,General Services Administration,---,Search.gov API,,,https://search.gov/developer/,
---,General Services Administration,---,Social Media Registry API,http://registry.usa.gov,,,
---,General Services Administration,---,Sustainable Facilities Tool API,https://sftool.gov/developers,,https://sftool.gov/developers,
---,General Services Administration,---,System for Award Management API,http://gsa.github.io/sam_api/sam/,,,
---,General Services Administration,---,USA.gov Featured Content,http://answers.usa.gov/system/egss_json.jsp?jsoncallback=,,,
---,General Services Administration,---,USAGov Platform API,https://platform-api.usa.gov/,,https://www.usa.gov/developer,
---,General Services Administration,---,USAJOBS API,http://search.digitalgov.gov/developer/jobs.html,,,
---,General Services Administration,---,USASearch,http://search.digitalgov.gov/manual/api.html,,,
---,---,General Services Administration,Performance.gov - Agencies,http://www.performance.gov/api,,,
---,---,General Services Administration,Performance.gov - Strategic Goals,http://www.performance.gov/api,,,
---,---,General Services Administration,Performance.gov - Strategic Objectives,http://www.performance.gov/api,,https://performance.gov/api,
---,---,General Services Administration,Performance.gov - Agency Priority Goals,http://www.performance.gov/api,,,
---,---,General Services Administration,Performance.gov - Performance Indicators,http://www.performance.gov/api,,,
---,---,General Services Administration,Performance.gov Permits Developers API,http://permits.performance.gov/developers-api,,https://permits.performance.gov/developers-api,
---,---,General Services Administration,USASpending.gov API,https://api.usaspending.gov/,,https://api.usaspending.gov/,
---,Government Printing Office,---,Federal Digital System API,http://api.fdsys.gov/,,https://api.fdsys.gov/,
---,Government Printing Office,---,GovInfo Link Service API,https://www.govinfo.gov/link-docs/,,,
---,Government Printing Office,---,GovInfo API,https://api.govinfo.gov,,https://www.govinfo.gov/developers,
---,International Trade Commission,---,ITC Documents,https://edis.usitc.gov/edis3-external/app,,,
---,Millenium Challenge Corporation,---,Open Data Catalog API,http://data.mcc.gov/metadata/data-api,,,
---,National Aeronautics and Space Administration,---,Astronomy Picture of the Day API,https://api.nasa.gov/api.html#apod,,https://api.nasa.gov/,
---,National Aeronautics and Space Administration,---,Coordinated Data Analysis System (CDAS) Web services,http://cdaweb.gsfc.nasa.gov/WebServices/,,,
---,National Aeronautics and Space Administration,---,Earth Observing System Clearing House,http://api.echo.nasa.gov/echo/,,,
---,National Aeronautics and Space Administration,---,Earth Science Data API,http://data9.jpl.nasa.gov/earth-science,,,
---,National Aeronautics and Space Administration,---,Global Imagery Browse Services API,https://wiki.earthdata.nasa.gov/display/GIBS/GIBS+API+for+Developers,,,
---,National Aeronautics and Space Administration,---,Heliocentric Trajectories Web Services,http://sscweb.gsfc.nasa.gov/WebServices/helio/,,,
---,National Aeronautics and Space Administration,---,NASA Data API,http://data.nasa.gov/api-info/,,,
---,National Aeronautics and Space Administration,---,Near Earth Object API,https://api.nasa.gov/api.html#NeoWS,,,
---,National Aeronautics and Space Administration,---,Satellite Situation Center API,http://sscweb.gsfc.nasa.gov/WebServices/,,,
---,National Aeronautics and Space Administration,---,SERVIR ArcGIS services,http://ags.servirlabs.net/ArcGIS/rest/services,,,
---,National Aeronautics and Space Administration,---,"Database Of Notifications, Knowledge, Information (DONKI) API",https://api.nasa.gov/api.html#DONKI,,,
---,National Aeronautics and Space Administration,---,Earth Polychromatic Imaging Camera (EPIC) API,https://api.nasa.gov/api.html#EPIC,,,
---,National Aeronautics and Space Administration,---,Earth Observatory Natural Event Tracker (EONET) API,https://api.nasa.gov/api.html#EONET,,,
---,National Aeronautics and Space Administration,---,Earth API,https://api.nasa.gov/api.html#earth,,,
---,National Aeronautics and Space Administration,---,ExoPlanet Archive API,https://api.nasa.gov/api.html#exoPlanetIntro,,,
---,National Aeronautics and Space Administration,---,GeneLab Search API,https://api.nasa.gov/api.html#genelab,,,
---,National Aeronautics and Space Administration,---,NASA Image and Video Library API,https://api.nasa.gov/api.html#Images,,,
---,National Aeronautics and Space Administration,---,Mars Rover Photos API,https://api.nasa.gov/api.html#MarsPhotos,,,
---,National Aeronautics and Space Administration,---,Satellite Situation Center API,https://api.nasa.gov/api.html#SSC,,,
---,National Aeronautics and Space Administration,---,Patents API,https://api.nasa.gov/api.html#patents,,,
---,National Aeronautics and Space Administration,---,Solar System Dynamics (SSD) and Center for Near-Earth Object Studies (CNEOS) API,https://api.nasa.gov/api.html#ssd_CNEOS,,,
---,National Aeronautics and Space Administration,---,TechPort API,https://api.nasa.gov/api.html#techport,,,
---,National Aeronautics and Space Administration,---,Vesta/Moon/Mars Trek API,https://api.nasa.gov/api.html#trek,,,
---,National Archives and Records Administration,---,Executive Orders API,https://explore.data.gov/Other/Executive-Orders-from-1994-to-2012/ps37-i6ce?,,,
---,National Archives and Records Administration,---,Federal Register API,http://www.federalregister.gov/blog/learn/developers,,https://www.federalregister.gov/blog/learn/developers,https://www.archives.gov/developers/
---,National Science Foundation,---,Application Submission Web Services,http://www.research.gov/research-portal/appmanager/base/desktop?_nfpb=true&_pageLabel=research_asws,,https://nsf.gov/developer/,
---,National Science Foundation,---,Funding Rate History API,https://explore.data.gov/developers/docs/nsf-funding-rate-history,,,
---,National Science Foundation,---,GRFP Awardees And Honorable Mentions API,https://explore.data.gov/developers/docs/nsf-grfp-awardees-and-honorable-mentions-2000-2012-,,,
---,Nuclear Regulatory Commission,---,ADAMS API,http://www.nrc.gov/developer.html,,https://www.nrc.gov/developer.html,
---,Office of Personnel Management,---,Operating Status - Current Status API,http://www.opm.gov/developer/documentation/current-status-api/,,https://www.opm.gov/developer,
---,Office of Personnel Management,---,Operating Status - Status Types API,http://www.opm.gov/developer/documentation/status-types-api/,,,
---,Office of Personnel Management,---,Operating Status - Status History API,http://www.opm.gov/developer/documentation/status-history-api/,,,
---,Office of Personnel Management,---,USAJOBS.gov API,http://data.usajobs.gov,,https://data.usajobs.gov,
---,Office of Director of National Intelligence,---,ISE.gov Content API,http://ise.gov/developers,,https://ise.gov/developers,
---,Recovery Accountability and Transparency Board,---,Recovery API,http://www.recovery.gov/FAQ/Developer/Pages/RecoveryAPI.aspx,,https://www.recovery.gov/arra/FAQ/Developer/Pages/default.aspx,
---,Recovery Accountability and Transparency Board,---,ArcGIS Map API,http://www.recovery.gov/FAQ/Developer/Pages/arcgisapi.aspx,,,
---,Small Business Administration,---,Business Licenses and Permits API,http://www.sba.gov/about-sba-services/7615,,,
---,Small Business Administration,---,Content Share API,http://www.sba.gov/content/content-share-user-documentation,,https://www.sba.gov/about-sba/sba_performance/sba_data_store/web_service_api,
---,Small Business Administration,---,Loans and Grants Search API,http://www.sba.gov/about-sba-services/7616,,,
---,Small Business Administration,---,Recommended Sites API,http://www.sba.gov/about-sba-services/7630,,,
---,Small Business Administration,---,Small Business Innovation Research - Solicitations,https://www.sbir.gov/node/735694,,https://www.sbir.gov/apis,
---,Small Business Administration,---,Small Business Innovation Research - Awards,https://www.sbir.gov/node/735694,,,
---,Small Business Administration,---,U.S. City and County Web Data API,http://www.sba.gov/about-sba-services/7617,,,
---,Small Business Administration,---,Lender Search API,http://www.sba.gov/content/lender-search-api,,,
---,Smithsonian Institute,---,American Art API,https://smithsonian.github.io/api-docs/#/SAAM,,https://smithsonian.github.io/api-docs/#/,
---,Smithsonian Institute,---,Cooper Hewitt API,https://collection.cooperhewitt.org/api/,,,
---,Social Security Administration,---,Average Wait Time Until Hearing Held Report,http://www.ssa.gov/developer/api/averWait.htm,,,
---,Social Security Administration,---,Consent Based Social Security Number Verification Service,http://www.ssa.gov/cbsv/webservice.html,,https://www.ssa.gov/developer,
---,Social Security Administration,---,Hearing Office Average Processing Time Ranking Report,http://www.ssa.gov/developer/api/hearingProcessing.htm,,,
---,Social Security Administration,---,Hearing Office Workload Data,http://www.ssa.gov/developer/api/hearingWorkload.htm,,,
---,US Courts,---,PACER API,http://www.pacer.gov/cmecf/developer/,,https://www.pacer.gov/cmecf/developer/,
---,US Postal Service,---,eCommerce APIs,https://www.usps.com/business/webtools.htm,,,
---,US Postal Service,---,Address Information APIs,https://www.usps.com/business/web-tools-apis/address-information.htm,,,
---,US Postal Service,---,Tracking & Delivery Information APIs,https://www.usps.com/business/web-tools-apis/delivery-information.htm,,,
---,US Postal Service,---,Price Calculator APIs,https://www.usps.com/business/web-tools-apis/price-calculators.htm,,,
---,US Postal Service,---,Shipping Labels API,https://www.usps.com/business/web-tools-apis/shipping-labels.htm,,,
---,US Postal Service,---,Package Pickup APIs,https://www.usps.com/business/web-tools-apis/package-pickup.htm,,,
---,US Postal Service,---,Service Standards and Commitments APIs,https://www.usps.com/business/web-tools-apis/service-standards-and-commitments.htm,,,
---,US Postal Service,---,Several,https://ribbs.usps.gov/intelligentmail_guides/documents/tech_guides/xmlspec/wsdls/wsdls.htm,,,
---,US Agency for International Development,---,GIS APIs,http://www.arcgis.com/home/group.html?owner=usaidgeocenter&title=USAID%20GeoCenter,,,
---,US Agency for International Development,---,USAID Development Credit Authority Guarantee Data: Loan Transactions,https://explore.data.gov/developers/docs/usaid-development-credit-authority-guarantee-data-loan-transactions,,https://www.usaid.gov/developer,
---,US Agency for International Development,---,USAID Development Credit Authority Guarantee Data: Utilization and Claims,https://explore.data.gov/developers/docs/usaid-development-credit-authority-guarantee-data-utilization-and-claims,,,
---,US Agency for International Development,---,U.S. Overseas Loans and Grants (Greenbook),https://explore.data.gov/developers/docs/u-s-overseas-loans-and-grants-greenbook,,,
---,US Agency for International Development,---,Development Experience Clearinghouse API,http://www.usaid.gov/developer/development-experience-clearinghouse-dec-api,,,
---,White House,Executive Office of the President,Policy Snapshots,http://www.whitehouse.gov/developers/policy-snapshots-json-feed,inactive,,
---,White House,Executive Office of the President,We The People API,https://petitions.whitehouse.gov/developers,active,https://www.whitehouse.gov/developers,
---,Federal Financial Institutions Examination Council,---,Central Data Repository API,https://cdr.ffiec.gov/public/PWS/Default.aspx,,,
---,Federal Financial Institutions Examination Council,---,Appraisal Subcommittee National Registry API,https://www.asc.gov/wsvc/ASCQuerySvc.asmx,,,
---,---,Federal Geographic Data Committee,Service Status Checker,http://registry.fgdc.gov/statuschecker/developers.php,,,
---,---,ForeignAssistance.gov,Foreign Assistance API,http://www.foreignassistance.gov/web/Developer.aspx,,https://www.foreignassistance.gov/web/Developer.aspx,
---,---,Globalchange.gov,Global Change Information System API,http://data.globalchange.gov/api_reference,,https://data.globalchange.gov/,
---,---,Integrated Taxonomic Information System,ITIS Web Services,http://www.itis.gov/ws_description.html,,https://www.itis.gov/ws_description.html,
---,---,National Information Exchange Model,NIEM Web Services API,http://reference.niem.gov/niem/specification/web-services-api/1.0/web-services-api-1.0.pdf,,https://www.niem.gov/developers,
---,---,National Missing and Unidentified Persons System,NAMUS.gov API,https://www.namus.gov/api/VehicleMakes,,,
---,Library of Congress,---,congress.gov API,,,,